{
    "timestamp": "20250226_232209",
    "params": {
        "kernel": "rbf",
        "C": 1.0,
        "gamma": "scale",
        "class_weight": null,
        "folds": 5
    },
    "fold_accuracies": [
        0.671875,
        0.677734375,
        0.66796875,
        0.712890625,
        0.6790606653620352
    ],
    "best_fold": 4,
    "best_accuracy": 0.712890625,
    "cross_subject_results": {
        "accuracy": 0.4856815578465063,
        "f1": 0.48577761912073375,
        "confusion_matrix": [
            [
                174,
                75,
                70
            ],
            [
                99,
                164,
                44
            ],
            [
                138,
                23,
                86
            ]
        ],
        "binary_accuracies": {
            "A_vs_C": 0.5399361022364217,
            "C_vs_F": 0.45126353790613716,
            "A_vs_F": 0.45936395759717313
        }
    },
    "within_subject_results": {
        "accuracy": 0.7122093023255814,
        "f1": 0.7164575178448078,
        "confusion_matrix": [
            [
                114,
                9,
                23
            ],
            [
                22,
                85,
                19
            ],
            [
                21,
                5,
                46
            ]
        ],
        "binary_accuracies": {
            "A_vs_C": 0.7316176470588235,
            "C_vs_F": 0.6616161616161617,
            "A_vs_F": 0.7339449541284404
        }
    }
}